{
    "providers": [
    {
        "type": "space",
        "advances": {
            "\uE999": -8
        }
    },
    {
        "type": "space",
        "advances": {
            "\uE998": 1
        }
    },
    {
        "type": "space",
        "advances": {
            "\uE995": -1
        }
    },
    {
        "type": "space",
        "advances": {
            "\uE997": 4
        }
    },
    {
        "type": "space",
        "advances": {
            "\uE996": -4
        }
    },
    {
        "type": "space",
        "advances": {
            "\uE994": -16
        }
    },


    { 
        "type": "bitmap",
        "file": "minecraft:gui/container/villagers/trades.png",
        "height": 166, "ascent": 13,
        "chars": ["\uEe99"]
    }
    ]
}