{  "variants": {    "": [
      { "model": "betterend:block/tenanea_leaves1" }, { "model": "betterend:block/tenanea_leaves1", "y": 90 }, { "model": "betterend:block/tenanea_leaves1", "y": 180 }, { "model": "betterend:block/tenanea_leaves1", "y": 270 },
      { "model": "betterend:block/tenanea_leaves2" }, { "model": "betterend:block/tenanea_leaves2", "y": 90 }, { "model": "betterend:block/tenanea_leaves2", "y": 180 }, { "model": "betterend:block/tenanea_leaves2", "y": 270 },
      { "model": "betterend:block/tenanea_leaves3" }, { "model": "betterend:block/tenanea_leaves3", "y": 90 }, { "model": "betterend:block/tenanea_leaves3", "y": 180 }, { "model": "betterend:block/tenanea_leaves3", "y": 270 },
      { "model": "betterend:block/tenanea_leaves4" }, { "model": "betterend:block/tenanea_leaves4", "y": 90 }, { "model": "betterend:block/tenanea_leaves4", "y": 180 }, { "model": "betterend:block/tenanea_leaves4", "y": 270 },
      { "model": "betterend:block/tenanea_leaves5" }, { "model": "betterend:block/tenanea_leaves5", "y": 90 }, { "model": "betterend:block/tenanea_leaves5", "y": 180 }, { "model": "betterend:block/tenanea_leaves5", "y": 270 },
      { "model": "betterend:block/tenanea_leaves6" }, { "model": "betterend:block/tenanea_leaves6", "y": 90 }, { "model": "betterend:block/tenanea_leaves6", "y": 180 }, { "model": "betterend:block/tenanea_leaves6", "y": 270 },
      { "model": "betterend:block/tenanea_leaves7" }, { "model": "betterend:block/tenanea_leaves7", "y": 90 }, { "model": "betterend:block/tenanea_leaves7", "y": 180 }, { "model": "betterend:block/tenanea_leaves7", "y": 270 },
      { "model": "betterend:block/tenanea_leaves8" }, { "model": "betterend:block/tenanea_leaves8", "y": 90 }, { "model": "betterend:block/tenanea_leaves8", "y": 180 }, { "model": "betterend:block/tenanea_leaves8", "y": 270 }
]}}
